time,avail_mb,private_mb,pss_mb,swap_mb,pids,phase,views,caches_active,caches_idle,watchers,deadlines,cache_lists,cache_watch_starts,cache_initial_syncs,streams,terminals,forwards,goroutines,heap_inuse,sessions
1790728935,10320,81.9,166.1,0.0,1383036 1383060 1383061,idle,0,,,,,,,,0,0,0,26,2932736,0
1790728995,9871,123.9,213.6,0.0,1383036 1383060 1383061,c1 pods-ns,2,2,6,2,1,0,24,24,0,0,0,113,5111808,1
1790729055,9862,145.7,235.9,0.0,1383036 1383060 1383061,c1 kinds,2,2,4,2,0,0,28,28,0,0,0,93,4956160,1
1790729115,9650,178.0,268.2,0.0,1383036 1383060 1383061,c1 kinds,2,2,7,2,0,0,38,38,0,0,0,123,13721600,1
1790729175,9144,173.0,265.3,0.0,1383036 1383060 1383061,c1 logs-follow,2,4,3,2,0,0,42,42,1,0,0,113,11452416,1
1790729235,9324,173.0,266.9,0.0,1383036 1383060 1383061,c1 other-target,2,2,0,2,0,0,2,2,0,0,0,55,4980736,1
1790729295,9448,192.3,286.8,0.0,1383036 1383060 1383061,c2 pods-ns,2,9,7,9,52,0,25,25,0,0,0,217,7151616,1
1790729356,9209,194.3,288.8,0.0,1383036 1383060 1383061,c2 pods-all,2,2,3,2,2,0,28,28,0,0,0,84,5701632,1
1790729416,12084,222.6,317.1,0.0,1383036 1383060 1383061,c2 kinds,2,2,7,2,0,0,37,37,0,0,0,124,14106624,1
1790729476,10408,230.4,324.9,0.0,1383036 1383060 1383061,c2 logs-follow,2,4,4,2,0,0,43,43,1,0,0,123,14737408,1
1790729536,12015,222.3,316.8,0.0,1383036 1383060 1383061,c2 other-target,2,2,0,2,0,0,2,2,0,0,0,55,5111808,1
1790729596,11124,235.7,330.1,0.0,1383036 1383060 1383061,c3 problems-ns,2,9,6,9,52,0,24,24,0,0,0,207,6930432,1
1790729656,10451,230.3,324.7,0.0,1383036 1383060 1383061,c3 pods-all,2,2,7,2,2,0,27,27,0,0,0,124,5996544,1
1790729716,9810,224.1,318.6,0.0,1383036 1383060 1383061,c3 kinds,1,1,8,1,0,0,35,35,0,0,0,121,5562368,1
1790729776,9485,250.2,345.7,0.0,1383036 1383060 1383061,c3 logs-follow,2,4,5,2,0,0,42,42,1,0,0,133,16662528,1
1790729836,9235,165.6,258.9,0.0,1383036 1383060 1383061,c3 other-target,2,2,0,2,0,0,2,2,0,0,0,55,5005312,1
1790729896,9011,168.4,261.8,0.0,1383036 1383060 1383061,c4 problems-ns,2,9,6,9,52,0,23,23,0,0,0,207,7380992,1
1790729956,9139,166.1,261.7,0.0,1383036 1383060 1383061,c4 pods-all,2,2,7,2,4,0,27,27,0,0,0,124,6111232,1
1790730017,8818,165.1,258.5,0.0,1383036 1383060 1383061,c4 kinds,2,2,7,2,0,0,34,34,0,0,0,124,5775360,1
1790730077,8841,199.7,295.3,0.0,1383036 1383060 1383061,c4 logs-follow,2,4,6,2,0,0,42,42,1,0,0,143,19144704,1
1790730137,7708,156.4,248.9,0.0,1383036 1383060 1383061,c4 terminal,2,2,2,2,1,0,42,42,0,0,0,74,6676480,1
1790730197,10481,163.6,258.7,0.0,1383036 1383060 1383061,c5 problems-ns,2,9,7,9,61,0,17,17,0,0,0,215,6864896,1
1790730257,9523,162.9,255.8,0.0,1383036 1383060 1383061,c5 pod-details,4,4,6,4,1,0,26,26,0,0,0,140,5963776,1
1790730317,8905,162.5,255.0,0.0,1383036 1383060 1383061,c5 kinds,2,2,7,2,0,0,32,32,0,0,0,124,5873664,1
1790730377,9701,194.1,288.9,0.0,1383036 1383060 1383061,c5 logs-follow,2,4,6,2,0,0,42,42,1,0,0,143,28704768,1
1790730437,10051,166.1,260.7,0.0,1383036 1383060 1383061,c5 terminal,2,2,2,2,1,0,42,42,0,1,0,89,6766592,1
1790730497,9837,167.1,261.9,0.0,1383036 1383060 1383061,c6 problems-all,2,9,7,9,62,0,17,17,0,0,0,217,7307264,1
1790730557,10525,164.4,265.1,0.0,1383036 1383060 1383061,c6 pod-details,3,3,7,3,1,0,26,26,0,0,0,138,6217728,1
1790730618,11039,165.4,266.1,0.0,1383036 1383060 1383061,c6 kinds,2,2,6,2,0,0,31,31,0,0,0,114,5988352,1
1790730678,11071,197.8,298.2,0.0,1383036 1383060 1383061,c6 kinds,2,2,6,2,0,0,40,40,0,0,0,114,24518656,1
1790730738,11060,176.5,273.7,0.0,1383036 1383060 1383061,c6 terminal,2,2,3,2,2,0,52,47,0,0,0,82,15966208,1
1790730798,11448,165.5,266.1,0.0,1383036 1383060 1383061,c7 problems-all,2,9,6,9,58,0,16,16,0,0,0,207,7282688,1
1790730858,10781,164.0,261.1,0.0,1383036 1383060 1383061,c7 pods-ns,2,2,7,2,1,0,24,24,0,0,0,125,6250496,1
1790730918,10258,162.4,262.6,0.0,1383036 1383060 1383061,c7 kinds,2,2,6,2,0,0,30,30,0,0,0,114,5783552,1
1790730978,10021,224.1,324.2,0.0,1383036 1383060 1383061,c7 kinds,2,2,7,2,0,0,40,40,0,0,0,124,35774464,1
1790731038,10069,175.9,276.3,0.0,1383036 1383060 1383061,c7 terminal,2,2,4,2,1,0,42,42,0,1,0,109,16023552,1
1790731098,10059,168.3,269.0,0.0,1383036 1383060 1383061,c8 problems-all,2,9,0,9,52,0,9,9,0,0,0,145,6004736,1
1790731159,8346,163.9,264.3,0.0,1383036 1383060 1383061,c8 pods-ns,2,2,7,2,1,0,24,24,0,0,0,124,6021120,1
1790731219,12546,167.3,267.6,0.0,1383036 1383060 1383061,c8 kinds,2,2,5,2,0,0,29,29,0,0,0,104,5849088,1
1790731279,12816,202.5,303.2,0.0,1383036 1383060 1383061,c8 kinds,2,2,7,2,0,0,39,39,0,0,0,124,34291712,1
1790731339,11320,180.6,280.8,0.0,1383036 1383060 1383061,c8 logs-follow,2,2,5,2,0,0,42,42,0,0,0,104,15155200,1
1790731399,10656,162.5,262.7,0.0,1383036 1383060 1383061,c8 back,2,2,0,2,0,0,2,2,0,0,0,55,5292032,1
1790731459,10309,164.5,264.7,0.0,1383036 1383060 1383061,c9 pods-ns,2,2,6,2,1,0,25,25,0,0,0,116,6152192,1
1790731519,10440,165.1,265.3,0.0,1383036 1383060 1383061,c9 kinds,2,2,3,2,2,0,28,28,0,0,0,84,5701632,1
1790731579,10029,222.3,322.6,0.0,1383036 1383060 1383061,c9 kinds,2,2,7,2,0,0,38,38,0,0,0,124,33226752,1
1790731639,10031,179.7,279.6,0.0,1383036 1383060 1383061,c9 logs-follow,2,4,3,2,0,0,43,43,1,0,0,113,19939328,1
1790731699,10168,161.2,261.1,0.0,1383036 1383060 1383061,c9 other-target,2,2,0,2,0,0,2,2,0,0,0,54,5251072,1
1790731760,12587,165.6,262.1,0.0,1383036 1383060 1383061,c10 problems-ns,2,9,7,9,52,0,24,24,0,0,0,216,7446528,1
1790731820,11093,166.3,263.2,0.0,1383036 1383060 1383061,c10 pods-all,2,2,7,2,2,0,28,28,0,0,0,124,6553600,1
1790731880,10277,205.0,299.5,0.0,1383036 1383060 1383061,c10 kinds,2,2,7,2,0,0,37,37,0,0,0,124,32522240,1
1790731940,9989,187.6,285.5,0.0,1383036 1383060 1383061,c10 logs-follow,2,4,4,2,0,0,43,43,1,0,0,123,20480000,1
1790732000,10508,163.5,261.8,0.0,1383036 1383060 1383061,c10 other-target,2,2,0,2,0,0,2,2,0,0,0,54,5316608,1
1790732060,12477,167.5,265.9,0.0,1383036 1383060 1383061,c11 problems-ns,2,9,6,9,52,0,23,23,0,0,0,206,7159808,1
1790732120,13107,165.4,263.7,0.0,1383036 1383060 1383061,c11 pods-all,2,2,7,2,2,0,26,26,0,0,0,124,6193152,1
1790732180,13040,163.6,261.9,0.0,1383036 1383060 1383061,c11 kinds,2,2,7,2,0,0,33,33,0,0,0,124,6004736,1
1790732240,13144,202.6,301.5,0.0,1383036 1383060 1383061,c11 logs-follow,2,4,6,2,0,0,41,41,1,0,0,143,34881536,1
1790732301,12984,165.2,264.1,0.0,1383036 1383060 1383061,c11 other-target,2,2,0,2,0,0,2,2,0,0,0,55,5406720,1
1790732361,11259,167.5,266.4,0.0,1383036 1383060 1383061,c12 problems-ns,2,9,7,9,52,0,24,24,0,0,0,216,7036928,1
1790732421,10883,165.2,264.2,0.0,1383036 1383060 1383061,c12 pod-details,3,3,8,3,1,0,27,27,0,0,0,147,6373376,1
1790732481,11438,166.3,265.2,0.0,1383036 1383060 1383061,c12 kinds,2,2,7,2,0,0,34,34,0,0,0,124,6053888,1
1790732541,11447,207.2,307.5,0.0,1383036 1383060 1383061,c12 logs-follow,2,4,6,2,0,0,60,50,1,0,0,143,21028864,1
1790732601,11346,168.4,268.7,0.0,1383036 1383060 1383061,c12 terminal,2,2,2,2,1,0,60,50,0,1,0,89,7430144,1
1790732661,11868,167.1,267.3,0.0,1383036 1383060 1383061,c13 problems-all,2,9,6,9,59,0,16,16,0,0,0,207,7233536,1
1790732721,10924,167.0,267.3,0.0,1383036 1383060 1383061,c13 pod-details,4,4,7,4,1,0,26,26,0,0,0,151,6799360,1
1790732782,9332,166.8,266.9,0.0,1383036 1383060 1383061,c13 kinds,2,2,7,2,0,0,32,32,0,0,0,124,6234112,1
1790732842,10617,215.3,315.6,0.0,1383036 1383060 1383061,c13 logs-follow,2,4,6,2,0,0,42,42,1,0,0,143,38952960,1
1790732902,10563,176.4,276.7,0.0,1383036 1383060 1383061,c13 terminal,2,2,2,2,1,0,42,42,0,1,0,89,16146432,1
1790732962,12991,168.5,268.8,0.0,1383036 1383060 1383061,c14 problems-all,2,9,7,9,59,0,17,17,0,0,0,216,7364608,1
1790733022,12165,166.0,266.3,0.0,1383036 1383060 1383061,c14 pod-details,4,4,6,4,1,0,26,26,0,0,0,140,6488064,1
1790733082,11760,165.9,266.2,0.0,1383036 1383060 1383061,c14 kinds,2,2,7,2,0,0,31,31,0,0,0,124,6266880,1
1790733142,11474,227.9,328.3,0.0,1383036 1383060 1383061,c14 kinds,2,2,6,2,0,0,40,40,0,0,0,114,38608896,1
1790733202,11231,182.1,282.4,0.0,1383036 1383060 1383061,c14 terminal,2,2,3,2,1,0,42,42,0,1,0,99,17391616,1
1790733262,10697,168.8,269.1,0.0,1383036 1383060 1383061,c15 problems-all,2,9,6,9,58,0,16,16,0,0,0,207,7249920,1
1790733322,10994,165.7,266.0,0.0,1383036 1383060 1383061,c15 pods-ns,2,2,6,2,1,0,24,24,0,0,0,115,6340608,1
1790733382,11052,166.5,266.8,0.0,1383036 1383060 1383061,c15 kinds,2,2,5,2,0,0,29,29,0,0,0,104,6144000,1
1790733443,12727,212.2,312.5,0.0,1383036 1383060 1383061,c15 kinds,2,2,7,2,0,0,39,39,0,0,0,124,24461312,1
1790733503,11973,188.8,289.1,0.0,1383036 1383060 1383061,c15 terminal,2,2,5,2,1,0,42,42,0,1,0,119,16719872,1
1790733563,11727,166.9,267.2,0.0,1383036 1383060 1383061,c15 back,2,2,0,2,1,0,2,2,0,0,0,55,5439488,1
1790733623,11263,168.1,268.4,0.0,1383036 1383060 1383061,c16 pods-ns,2,2,6,2,1,0,23,23,0,0,0,115,6283264,1
1790733683,11069,170.3,270.5,0.0,1383036 1383060 1383061,c16 kinds,2,2,4,2,0,0,27,27,0,0,0,94,5881856,1
1790733743,10769,234.5,334.9,0.0,1383036 1383060 1383061,c16 kinds,2,2,7,2,0,0,37,37,0,0,0,124,39321600,1
1790733803,10562,193.9,294.3,0.0,1383036 1383060 1383061,c16 logs-follow,2,4,3,2,0,0,41,41,1,0,0,113,21102592,1
1790733863,10555,167.1,267.5,0.0,1383036 1383060 1383061,c16 other-target,2,2,0,2,0,0,2,2,0,0,0,54,5570560,1
1790733923,13037,167.2,267.4,0.0,1383036 1383060 1383061,done,2,2,0,2,1,0,2,2,0,0,0,54,5431296,1
1790733983,12453,167.3,267.7,0.0,1383036 1383060 1383061,done,2,2,0,2,1,0,2,2,0,0,0,54,5472256,1
1790734044,13386,167.8,268.2,0.0,1383036 1383060 1383061,done,2,2,0,2,1,0,2,2,0,0,0,54,5373952,1
1790734104,12851,168.2,268.6,0.0,1383036 1383060 1383061,done,2,2,0,2,1,0,2,2,0,0,0,54,5414912,1
1790734164,12374,167.5,267.9,0.0,1383036 1383060 1383061,done,2,2,0,2,1,0,2,2,0,0,0,54,5341184,1
1790734224,11735,167.1,267.4,0.0,1383036 1383060 1383061,done,2,2,0,2,1,0,3,2,0,0,0,54,5365760,1
1790734284,10925,166.8,267.2,0.0,1383036 1383060 1383061,done,2,2,0,2,1,0,3,2,0,0,0,54,5275648,1
1790734344,10686,167.5,267.8,0.0,1383036 1383060 1383061,done,2,2,0,2,1,0,3,2,0,0,0,54,5283840,1
1790734404,10800,166.6,266.9,0.0,1383036 1383060 1383061,done,2,2,0,2,1,0,4,2,0,0,0,54,5324800,1
1790734464,11199,166.9,267.3,0.0,1383036 1383060 1383061,done,2,2,0,2,1,0,4,2,0,0,0,54,5292032,1
1790734524,11475,166.8,267.1,0.0,1383036 1383060 1383061,done,2,2,0,2,1,0,4,2,0,0,0,54,5316608,1
1790734584,11168,167.2,267.6,0.0,1383036 1383060 1383061,done,2,2,0,2,1,0,4,2,0,0,0,54,5332992,1
